item_id,brand,mpn,gtin,upc,ean,title,asin_or_upc,gtin_mpn
v1|197787995004|0,,,,,,Apple Mystery Loot Box Electronic box.All Brand New !,0,0
v1|197777272824|0,,,,,,Real Random Mystery Box Electronic Products Luck Bag Gift Electronics! HUGE PACK,0,0
v1|236250691165|0,,,,,,Lot 90+ FG Mini Speakers Round 20CM Speakers Toy Electronics,0,0
v1|205340305911|506086017663,,,,,,JBL Xtreme 4,506086017663,506086017663
v1|205696894294|0,,,,,,"Harman Kardon Aura Studio 4, Bluetooth home speaker",0,0
v1|136062978854|0,,,,,,JBL Boombox 3 Wi-Fi Portable Wireless Speaker,0,0
v1|157281015098|0,,,,,,"JBLCharge 3 Special Edition,Full-featured waterproof portable speaker",0,0
v1|205456522962|0,,,,,,"JBL Charge 5 Wi-Fi, Portable Wi-Fi and Bluetooth speaker",0,0
v1|406290169313|0,,,,,,JBL PartyBox Stage 320 Portable Bluetooth Speaker - Black - Brand New,0,0
v1|205340305741|506086052625,,,,,,"JBL Flip 6, Portable Waterproof Speaker.",506086052625,506086052625
v1|236394123016|0,,,,,,IPX7 Waterproof Bluetooth Speaker 40W60 Peak Portable Wireless Speaker SEALED!! ,0,0
v1|205696913276|0,,,,,,"JBL PartyBox Stage 320, Portable party speaker with wheels",0,0
v1|335317983672|544663375780,,,,,,DIY Bluetooth Speaker Kit Assembly Component for Electronics Project Practice,544663375780,544663375780
v1|388976315901|0,,,,,,2025 New Real Random Mystery Box Electronic Products Luck Bag Gift Electronics!,0,0
v1|336248938720|0,,,,,,2025 New Real Random Mystery Box Electronic Products Luck Bag Gift Electronics!,0,0
v1|396316442585|664972282118,,,,,,Dual Electronics DMCPA10W 10.1‚Äù Wireless Apple CarPlay TOUCHSCREEN OR DASH MOUNT,664972282118,664972282118
v1|406274701253|676603127846,,,,,,DIY Bluetooth-Compatibility Speaker Component for Electronics Project Practice,676603127846,676603127846
v1|116813329271|0,,,,,,‚ú®New‚ú® JBL PartyBox On-The-Go Essential Portable Wireless Party Speaker w/ Mic,0,0
v1|134694083539|0,,,,,,NAXA Electronics NHS-2009 Dancing Water Light Tower Speaker System,0,0
v1|317033762891|0,,,,,,Bracketron Mobile Electronics IPod Docking Kit NIB Universal Pro Series,0,0
v1|204759369617|0,,,,,,JBL Boombox 3,0,0
v1|205696911107|506460663933,,,,,,"JBL Link Music, Wi-Fi speaker",506460663933,506460663933
v1|157279025924|0,,,,,,"JBL Go 3 Eco, Ultra-portable Waterproof Speaker",0,0
v1|167780617944|0,,,,,,JBL Horizon 2 Hotel Bluetooth Digital Alarm Clock Radio Speaker with FM- Black,0,0
v1|205340311943|506086061582,,,,,,JBL Charge 5,506086061582,506086061582
v1|397002893061|0,,,,,,"Harman Kardon Citation ONE, Compact, smart and amazing sound",0,0
v1|277469457228|0,,,,,,"Samsung QN50Q60DAFXZA 50"" Q60D QLED 4K Smart TV with Quantum HDR",0,0
v1|277412649239|0,,,,,,LG CK43 300W Audio System Hi-Fi bluetooth Shelf Speaker System W/ remote TESTED,0,0
v1|126704720680|0,,,,,,Cobra Electronics RAD 350 Radar and Laser DETECTOR W/IVT Certified Refurbished,0,0
v1|397194986235|0,,,,,,Mystery Loot Electronics,0,0
v1|397039423444|0,,,,,,Apple Mystery Loot Box Electronic box.All Brand New ! US,0,0
v1|197620891304|0,,,,,,Real Random Mystery Box Electronic Products Luck Bag Gift Electronics!,0,0
v1|257177767156|0,,,,,,"Electronics E1AA32N-G 32"" 720p LED HDTV",0,0
v1|204956489361|0,,,,,,"Harman Kardon SoundSticks 4, Bluetooth Speaker System.",0,0
v1|116776995038|0,,,,,,LG Electronics P5 XBOOM Go P5 Portable Wireless Bluetooth Outdoor Party Speaker,0,0
v1|177495997092|477147640852,,,,,,DIY Bluetooth Speaker Kit Assembly Component for Electronics Project Practice,477147640852,477147640852
v1|205340252970|506085816556,,,,,,"JBL Clip 5, Ultra-portable waterproof speaker.",506085816556,506085816556
v1|127060106721|0,,,,,,"Tyler 13"" Portable TV LCD Battery Powered Wireless Capa. HD-TV, HDMI, SD, RCA AC",0,0
v1|397158048654|0,,,,,,"50+ pcs Mystery Box Liquidation General Merchandise, Household, Electronics etc.",0,0
v1|357793288963|0,,,,,,Apple Mystery Loot Box Electronic box.All Brand New ! US,0,0
v1|156913321887|458360827280,,,,,,"JBL Go 4, Ultra-Portable Bluetooth Speaker",458360827280,458360827280
v1|365947419478|0,,,,,,Electronics NDS-1011 Portable Dual 10-inch Bluetooth Party Speaker with Multi...,0,0
v1|167879877005|0,,,,,,JBL Boombox 3 Bluetooth Portable Wireless Speaker,0,0
v1|205696815901|506460424059,,,,,,"JBL Go 4, Ultra-Portable Bluetooth Speaker",506460424059,506460424059
v1|406327463648|0,,,,,,"JBL Flip 6, Portable Waterproof Speaker.",0,0
v1|297645476280|0,,,,,,DIY Bluetooth Speaker Kit Mini Stereo Amplifier Soldering STEM Project with LED,0,0
v1|406318311610|0,,,,,,Party Animals Speaker Dancing Pet Dog SANDY Cobra Digital,0,0
v1|177335065117|476991692647,,,,,,Bluetooth Speaker Kit Assembly Component for Electronics Project Practice USA,476991692647,476991692647
v1|205696838971|0,,,,,,"JBL Horizon 2 FM, Bluetooth clock radio speaker with FM",0,0
v1|157278993415|0,,,,,,"S30 Travel Speaker, All-in-one travel speaker",0,0
v1|405734096202|0,,,,,,VR Headset for Nintendo Switch OLED / Nintendo Switch 3D VR Reality Glasses,0,0
v1|326745101704|0,,,,,,Portable Mini Speaker Wired Small Speaker 3.5mm Aux Input Jack USED w USB cable,0,0
v1|396551866442|0,,,,,,"JBL PartyBox Ultimate, Massive party speaker with powerful sound",0,0
v1|396295514902|0,,,,,,JBL PartyBox On-the-Go Essential,0,0
v1|127454523400|0,,,,,,Night Black ULTIMATE EARS MEGABOOM 3 WIRELESS PORTABLE BLUETOOTH SPEAKER,0,0
v1|397002944834|0,,,,,,"JBL PartyLight Stick, Bluetooth party light stick",0,0
v1|267439942188|0,,,,,,JBL PartyBox Stage 320 Portable Bluetooth Speaker - Black ,0,0
v1|135157666923|0,,,,,,NAXA Electronics NHS-2009 Dancing Water Light Tower Speaker System New In Box,0,0
v1|317457095178|0,,,,,,"JBL Horizon 2 FM, Bluetooth clock radio speaker with FM (Black)",0,0
v1|167889180556|0,,,,,,Yeezy Tech x Kano Stem Player Model 1016 Kanye West DONDA Very Good,0,0
v1|387760522173|0,,,,,,"Portable Mini Speaker USB Wired Small Speaker with 3.5mm Aux Input Jack, ",0,0
v1|396234969792|664915986673,,,,,,XVIM Security Camera Wireless 1080P HD CCTV Surveillance Solar/Battery Powered,664915986673,664915986673
v1|115850128701|415943054377,,,,,,DIY Bluetooth Speaker Assembly Electronics Soldering Kit DIY Electronics Set New,415943054377,415943054377
v1|127192975189|0,,,,,,Random Electronics PC Wireless Cute Speakers Keyboard Mouse Lot,0,0
v1|335547716748|545038803916,,,,,,DIY Bluetooth Speaker Kits Assembly Component For Electronics Project Practice,545038803916,545038803916
v1|227024214734|0,,,,,,Top Electronics Stereo Speaker System KW-4410 Walkman CD Cassette New NOS,0,0
v1|394957238885|663525378539,,,,,,XVIM 1080P Wireless WiFi Security Camera Waterproof Battery Camera Home Security,663525378539,663525378539
v1|365941388629|0,,,,,,JBL Flip 7 Portable Waterproof Wireless Bluetooth Speaker - Black - Brand New,0,0
v1|136484534988|0,,,,,,"Outdoor Bluetooth Speaker with Flame Atmosphere, Electronics Gifts for Men, W...",0,0
v1|317467964604|0,,,,,,JBL speaker with rich sound. Chromecast and AirPlay enabled. Brand new.,0,0
v1|176693719731|476368447210,,,,,,DIY Bluetooth Speaker Kit Assembly Component for Electronics Project Practice U,476368447210,476368447210
v1|136212249219|0,,,,,,LG Electronics P5 XBOOM Go P5 Portable Wireless Bluetooth Outdoor Party Speaker,0,0
v1|406318282881|0,,,,,,Party Animals Speaker Dancing Pet Dog SANDY Cobra Digital,0,0
v1|187227755019|0,,,,,,"Samsung F6000F 32"" Full HD HDR Smart LED TV (UN32F6000F ‚Äì 2025 Model)",0,0
v1|316746563302|0,,,,,,Dual Electronics Bluetooth Speaker (DPS18B)... FREE S&H!,0,0
v1|127455461537|0,,,,,,Beats By Dr Dre Pills 2.0 Red Bluetooth Speaker 2018 Tested Working With Box ,0,0
v1|156913527484|0,,,,,,"JBL Partybox Encore Essential, Portable party speaker with powerful 100W sound",0,0
v1|156994399562|0,,,,,,JBL - Go 4 Ultra Portable Bluetooth Speaker V5.3 - Blue - New In Box,0,0
v1|167889327270|0,,,,,,New  Samsung 24‚Äù UN24H4000AF 720p LED TV,0,0
v1|397003024341|665464416499,,,,,,"JBL Clip 5, Ultra-portable waterproof speaker",665464416499,665464416499
v1|297370855047|0,,,,,,Dual Electronics AMBTWF2S Wireless Portable Bluetooth,0,0
v1|167014671582|0,,,,,,LG XBOOM RNC7 Wireless Party Speaker,0,0
v1|397197749388|0,,,,,,JBL Flip 7 Portable Waterproof Wireless Bluetooth Speaker - Black - Brand New,0,0
v1|167646904148|0,,,,,,VIZIO 43 inch 4K UHD HDR DLED Smart TV (V4K43M-0801),0,0
v1|187634446190|695451791354,,,,,,"New/Sealed - JBL Charge 6, Portable waterproof and drop-proof Bluetooth speaker",695451791354,695451791354
v1|167887417769|0,,,,,,"LG OLED48B5PUA 48"" B5 OLED AI 4K UHD Smart webOS TV (2025) (Open Box)",0,0
v1|156845344061|0,,,,,,"Samsung 32"" Class The Frame QLED HDR LS03C TV",0,0
v1|277447357624|0,,,,,,JBL Boombox 3 Wi-Fi Portable Wireless Speaker,0,0
v1|127385411367|0,,,,,,iHome Idl91 Dual Charging Stereo FM Clock Radio With Lightning Dock,0,0
v1|396506947108|0,,,,,,"JBL Go 4, Ultra-Portable Bluetooth Speaker",0,0
v1|326827295256|0,,,,,,"JBL Partybox Encore Essential, Portable Party Speaker ",0,0
v1|306334372356|0,,,,,,"Element Electronics E450AD70G 70"" 4K UHD HDR Frameless Google TV",0,0
v1|297099560117|594743034347,,,,,,DIY Bluetooth Speaker Kit Assembly Component for Electronics Project Practice,594743034347,594743034347
v1|236379352037|0,,,,,,LG  xboom Stage 301 Bluetooth Speaker - Black,0,0
v1|305640702424|0,,,,,,EXORUX Wearable Waterproof Mini Bluetooth Speaker  Magnetic Clip-On Built-in Mic,0,0
v1|127170452466|0,,,,,,"LG Electronics 55"" LED LCD Hospitality TV 4K 55UT340H0UA ‚ù§Ô∏èÔ∏è‚úÖ‚ù§Ô∏èÔ∏è‚úÖ NEW WARRANTY",0,0
v1|317472561843|0,,,,,,New JBL Clip 5 Portable Waterproof Bluetooth Speaker | Black,0,0
v1|376651861706|0,,,,,,JBL Flip 7 Portable Waterproof Wireless Bluetooth Speaker black Sealed SHIPS UPS,0,0
v1|204891568645|505563358840,,,,,,"Onyx Studio 7, Portable Stereo Bluetooth Speaker",505563358840,505563358840
v1|397181523495|0,,,,,,Altec Lansing HydraBlast Bluetooth Speaker- Black,0,0
v1|167591618707|0,,,,,,Samsung 32 inch Class Q8F Series QLED 4K UHD HDR Smart TV  ‚Äì 2025 Model,0,0
v1|204591209137|0,,,,,,Bracketron Mobile Electronics IPod Docking Kit NIB Universal Pro Series,0,0
v1|357647484945|0,,,,,,Craig Electronics Blue Green 9-Inch Swivel Screen DVD Player,0,0
v1|205117932981|505903308418,,,,,,JBL Clip 5 Waterproof Portable Rechargeable Bluetooth Speaker [Pick Your Color],505839610694,505839610694
v1|317339732939|0,,,,,,3000W Portable Bluetooth Speaker Sub Woofer Heavy Bass Sound System Party & Mic,0,0
v1|116836802071|0,,,,,,"Samsung GX GXE1395 13"" Retro Gaming TV, Tested And Working ",0,0
v1|336079965904|0,,,,,,Google Nest Mini 1st Generation Bluetooth Speaker Chalk Gray Wireless 1716,0,0
v1|235016045712|0,,,,,,JBL Go3 Wireless Speaker - Teal,0,0
v1|406295747915|0,,,,,,"JBL Xtreme 4 Portable Bluetooth Speaker, Deep Bass -Waterproof & Powerbank Black",0,0
v1|286788387529|0,,,,,,"Samsung QN85QN800DFXZA 85"" Neo QLED 8K Smart TV with AI Motion Enhancer (2024)",0,0
v1|326745103385|0,,,,,,Portable Mini Speaker USB Wired Small Speaker 3.5mm Aux Input Jack NEW,0,0
v1|156919738107|0,,,,,,"JBL Charge 5, Portable Waterproof Speaker with Powerbank",0,0
v1|267436482381|0,,,,,,Yamaha YDS-11 Ipod Docking Stations 30 Pins Receivers W/cable Media Electronics,0,0
v1|205696912720|0,,,,,,"Onyx Studio 6, Portable Bluetooth speaker",0,0
v1|205696837112|0,,,,,,"JBL SOUNDGEAR, Wearable wireless sound",0,0
v1|157183742896|0,,,,,,JBL Xtreme 4 Portable Bluetooth Waterproof Speaker - Black,0,0
v1|326837291969|0,,,,,,JBL Charge 5 SE Wireless Speaker ‚Äì Wi-Fi + Bluetooth ‚Äì Waterproof ‚Äì Open Box,0,0
v1|395357938440|663983060649,,,,,,"JBL Xtreme, Splash proof portable speaker with ultra-powerful performance.",663983060650,663983060650
v1|157279001764|0,,,,,,"Harman Kardon Onyx Studio 8, Portable stereo Bluetooth speaker",0,0
v1|396295511374|664957878448,,,,,,"JBL Go 4, Ultra-Portable Bluetooth Speaker.",664957878448,664957878448
v1|326626125307|0,,,,,,LG Electronics NP5558MC Music Flow P5 Portable Bluetooth Speaker (Wood),0,0
v1|236415971667|0,,,,,,Google Nest Mini Bluetooth Speaker 1st Generation Wireless Working 1717,0,0
v1|116835889903|0,,,,,,"Samsung, 51‚Äù HDTV, 1080p, 600Hz, Full Active HD 3D, Plasma TV, PN51D550C1F",0,0
v1|187600080965|0,,,,,,LG GRAB xboom Grab Core Bluetooth Speaker New in Box,0,0
v1|157325482108|0,,,,,,Pyle Full Range Waterproof Speaker SET-800 Watt 3 Inch Amplifier And Audio,0,0
v1|254911325811|0,,,,,,Dual Electronics AMBTWSQ12 Wireless Portable Bluetooth Speaker,0,0
v1|116776978319|0,,,,,,"Element Electronics 55"" Class 4K (2160p) Smart DLED TV (EP400AB55R)",0,0
v1|205435866879|506188087711,,,,,,"JBL Flip 7, Portable waterproof and drop-proof  speaker",506188087711,506188087711
v1|187269115591|0,,,,,,"Samsung QN43LS03FA The Frame 43"" QLED 4K UHD HDR Smart TV ‚Äì 2025 Model",0,0
v1|265198888235|0,,,,,,"Tyler 7"" Portable 720p TV LCD Monitor Rechargeable Battery Powered Wireless C...",0,0
v1|335345981810|544708328076,,,,,,WBN Wabony Electronics Thin Speaker 8 ohm 0.2W Qty: 10 or 50,544708328076,544708328076
v1|286901880031|0,,,,,,SAMSUNG QN55QN85CAFXZA,0,0
v1|167625677410|0,,,,,,LG OLED65C5P 65 inch Class OLED evo AI C5 4K UHD HDR Smart TV - 2025 Model,0,0
v1|197755975128|0,,,,,,"Samsung Flatscreen LN-T1953H 19"" LCD HDTV, 720p HDMI, A/V, Optical PC in, DVI in",0,0
v1|187618203952|0,,,,,,NEW Altec Lansing HYDRATREK Everything Proof w/BUILT IN MAGNET SPEAKER - Black,0,0
v1|226711800168|0,,,,,,"Source Electronics Splashproof Wireless Speaker, Bluetooth, and Microphone ",0,0
v1|317371032994|0,,,,,,SAMSUNG LED HD WHITE 19‚Äù GAMING TV WITH REMOTE CONTROL AND STAND,0,0
v1|376575441890|0,,,,,,"[JBL] JBL Go 4, Ultra-Portable Bluetooth Speaker, Brand New Without Box",0,0
v1|127141124976|0,,,,,,Cubie Blue BPEBL2 Charging Alarm Clock with Bluetooth Speaker USB-A & C Black,0,0
v1|326696997427|0,,,,,,Dual Speaker  / sub w / Box (Face Down),0,0
v1|157398434357|0,,,,,,"JBL Go 4, Ultra-Portable Bluetooth Speaker",0,0
v1|365927795450|0,,,,,,iLive Electronics Wireless Headphons,0,0
v1|187497559534|0,,,,,,LG OLED42C5P 42 inch Class OLED evo AI C5 4K UHD HDR Smart TV - 2025 Model,0,0
v1|406327416365|0,,,,,,Samsung 65 inch Class Q8F Series QLED 4K UHD HDR Smart TV ‚Äì 2025 Model,0,0
v1|336203962569|0,,,,,,Source Electronics Splashproof Wireless Bluetooth Speaker w/ Built-in Microphone,0,0
v1|204884874316|505555556702,,,,,,JBL Xtreme 2 Portable Bluetooth Speaker,505555556702,505555556702
v1|116683211168|0,,,,,,"DIY Bluetooth-Compatible Speaker Kit, Mini Stereo Sound Amplifier Soldering P...",0,0
v1|306338332894|0,,,,,,lg speaker X Boom OM5541 Tested Bluetooth Dual USB ,0,0
v1|146856755895|0,,,,,,Cobra Electronics CWA AirWave Box BT310 Waterproof Bluetooth Speaker,0,0
v1|167646727889|0,,,,,,"Samsung F6000F 40"" LED FHD 1080p Smart TV",0,0
v1|267065682089|0,,,,,,Befree Sound Bfs-A102-Rb 2.1 Channel Bluetooth Multimedia Wired Speaker Shelf,0,0
v1|127455979181|0,,,,,,NEW Altec Lansing HYDRATREK Everything Proof -Black Speaker Bluetooth,0,0
v1|396924423952|0,,,,,,"Dual Electronics LUBTWS6 Wireless Portable Bluetooth Speaker, Black ",0,0
v1|157144909599|0,,,,,,LG OLED65C5P 65 inch Class OLED evo AI C5 4K UHD HDR Smart TV - 2025 Model,0,0
v1|127455976398|0,,,,,,NEW Altec Lansing HYDRATREK Everything Proof -Blue Speaker Bluetooth,0,0
v1|227044804291|0,,,,,,Samsung 19‚Äù LN19B360C5D HDMI 720p LCD TV LN19B360 No Rmt FREESHIP,0,0
v1|336242841249|0,,,,,,"Samsung UN19F4000AF  19"" HDTV & Remote 720p HDMI-A/V- USB Tested ",0,0
v1|146437740790|0,,,,,,Sound Master Orbit Ipod Speakers Digital Music System Excalibur Electronics 180,0,0
v1|156327597361|0,,,,,,"JBL Charge 5, Portable Waterproof Speaker with Powerbank",0,0
v1|177291789073|0,,,,,,Google Nest Mini 1st Gen Wireless Bluetooth Speaker Green Very Good,0,0
v1|267401729443|0,,,,,,DIY Bluetooth Speaker Box Kit Electronic Sound Amplifier - Build Your Pink ,0,0
v1|356876035808|625804762298,,,,,,DIY Bluetooth Speaker Set Assembly Component for Electronics Project Practice,625804762298,625804762298
v1|156924341285|0,,,,,,"Samsung 32"" Class The Frame QLED HDR LS03C TV",0,0
v1|336042334348|0,,,,,,"JBL Pulse 5, Portable Bluetooth speaker with light show New",0,0
v1|157389562827|0,,,,,,"LG  XBOOM XL7 Portable Tower Party Speaker with Pixel LED, Black (Used)d",0,0
v1|376538560184|0,,,,,,LG Electronics ND2530 10W Bluetooth Speaker Lightning iPhone/iPod Dock - TESTED,0,0
v1|197800706137|0,,,,,,iHome Idl91 Dual Charging Stereo FM Clock Radio With Lightning Dock,0,0
v1|404742572908|0,,,,,,Decibel Electronics Bamboo Speaker Total Wireless Digital Bluetooth Speaker,0,0
v1|286896475979|0,,,,,,"Samsung QN48S90DAEXZA 48"" 4K OLED Smart TV with Dolby Atmos",0,0
v1|336244944903|0,,,,,,Samsung UN22F5000AF 22-Inch 1080p 60 LEDMonitor w/ Remote RV Gaming  Test Video,,
v1|176347395319|0,,,,,,"Outdoor Bluetooth Speaker with Flame Atmosphere, Electronics Gifts for Anyone",0,0
v1|397095354121|0,,,,,,"Samsung 19"" TV Gaming Television Home Video White Monitor HDMI LN-S195LW  ",0,0
v1|317471704056|0,,,,,,JBL PartyBox On-the-Go Essential,0,0
v1|157116065740|0,,,,,,Samsung 50 inch Class Q7F Series QLED 4K Vision AI Smart TV (2025),0,0
v1|236397159752|0,,,,,,Wireless Bluetooth Audio Speakers Waterproof W Carry Handle Electronics Outside,0,0
v1|297689499985|0,,,,,,Toproad A100 Bluetooth Speaker 10W Wireless Stereo Heavy Bass Bluetooth Speaker,0,0
v1|227032318865|0,,,,,,"Samsung UN32EH4003F 32"" 720p 60Hz 2013 Non-Smart LED TV - no remote",0,0
v1|335272517372|0,,,,,,Befree Sound Bfs-2019-Rb 12 Inch Bt Portable Rechargeable Party Speaker,0,0
v1|364979035649|0,,,,,,"Speaker Lot, Random Electronics, Gadgets, Bluetooth, Sound Device, Play Music ",0,0
v1|317358509470|0,,,,,,NAXA Electronics NAXA NS-438 Digital CD Micro System with AM/FM Stereo Radio,0,0
v1|177409975282|0,,,,,,LG XBOOM GonP7 with MERIDIAN new,0,0
v1|116636512579|0,,,,,,"Source Electronics Wireless Speaker w/Flashing LED Lights, Removable Carry Strap",0,0
v1|405849270057|676152215943,,,,,,DIY Bluetooth Speaker Set Assembly Component for Electronics Project Practice,676152215943,676152215943
v1|205011329949|505713843736,,,,,,"JBL Go Essential, A compact waterproof Bluetooth speaker with great sound.",505713843736,505713843736
v1|363765829464|0,,,,,,Skull Speaker YSEECHENS Portable Bluetooth Speakers 8W Output Bass Stereo for  ,0,0
v1|127440802577|0,,,,,,"Samsung 28"" class LED TV/Monitor 720p UN28H4000AF, Black.",0,0
v1|326642914520|0,,,,,,"Samsung - 50"" Class U7900 Series UHD 4K Smart Tizen TV (2025)",0,0
v1|167646749860|0,,,,,,Samsung 65 inch QN70F 4K Smart TV QLED HDR 120Hz (2025),0,0
v1|167887193535|0,,,,,,"Samsung QN50LS03FA 50"" The Frame QLED 4K UHD Smart  TV(Open Box with Wear) #2350",0,0
v1|236405279473|0,,,,,,JBL Horizon 2 Bluetooth Clock Radio Speaker - Black,0,0
v1|296840954149|0,,,,,,Cohu Electronics 4410 Television Camera 4400 Series,0,0
v1|136476817904|0,,,,,,Yamaha YDS-11 Ipod Docking Stations 30 Pins Receivers W/cable Media Electronics,0,0
v1|365767220492|635540895296,,,,,,DIY Bluetooth-Compatibility Speaker Loose Parts For Electronics Project Practice,635540895296,635540895296
v1|156942358815|0,,,,,,"Onyx Studio 6, Portable Bluetooth speaker",0,0
v1|406274751589|676602977358,,,,,,DIY Bluetooth-Compatibility Speaker Loose Parts For Electronics Project Practice,676602977358,676602977358
v1|136522248366|0,,,,,,"Samsung 75"" Class 4K (2160p) Smart QLED TV (QN75Q60DBF)",0,0
v1|136662415004|0,,,,,,JBL by Harman Clip 5 Wireless Bluetooth Speaker Waterproof Dustproof,0,0
v1|257167667558|0,,,,,,I Dog Bluetooth Speaker 2006,0,0
v1|306509948128|0,,,,,,"Medium Amazon Mystery Boxes New Items Electronics, Home Goods, Etc.",0,0
v1|197726927565|0,,,,,,"Mixed Mystery Box ‚Äì Garden, Decor & Beauty & Electronics Surprise Bundle",0,0
v1|286393092388|588498748807,,,,,,Dell Latitude Laptop Computer PC Intel i5 Up To 32GB RAM 1TB SSD Windows 11,,
v1|145586233629|0,,,,,,"1 Year Warranty Dell P29T001 11.6"" Chromebook Celeron 1.1GHz/4GB/32GB (Black)",,
v1|396320750534|0,,,,,,"CHUWI- 13.3"" Laptop - Intel Celeron 2.8GH- 8GB Memory - 256GB SSD-HDMI Gray",,
v1|335478590590|544919693049,,,,,,"Lenovo ThinkPad T14 Touch 14"" Intel Core i7 4.90 GHz 48GB RAM 4TB SSD Win 11 Pro",,
v1|376341038272|0,,,,,,"HP OmniBook X AI 14-fe0013dx 14"" Touch Elite X1E-78-100 16GB 1TB SSD W11 Laptop",,
v1|396980031218|0,,,,,,CHUWI MiniBook X 10.8in Touchscreen 360¬∞ Rotate Laptop Intel N5100 12G+512G,,
v1|256879744174|557422176906,,,,,,HP EliteBook 14‚Äù FHD AMD Ryzen 5 PRO Laptop PC Up To 32GB RAM 1TB SSD Windows 11,,
v1|116458919375|0,,,,,,FHD DELL Latitude Laptop: Intel i7! 32GB RAM ~ 1TB NVME SSD! Windows 11 Pro!,,
v1|115603286837|415618341219,,,,,,"HP Chromebook 11 G7 11.6"" Intel 2.60 GHz 4 GB RAM 32 GB eMMC Bluetooth Webcam SD",,
v1|256942721121|0,,,,,,Lenovo ThinkPad 15‚Äù Business Laptop Intel Core i5 16GB RAM 512GB SSD Win 11 Pro,,
v1|197513520668|0,,,,,,Getac A140 G2 Rugged Tablet Core i5-10310U 1.7GHz 16GB RAM 512GB NVMESSD 11 PRO,,
v1|357823087772|0,,,,,,"Dell 12,5""/i5- 4310u/8Gb/ssd 120Gb/The Battery is Good   NO Camera/ NO AC  ",,
v1|284951803791|587279351783,,,,,,"Microsoft Surface Pro 7, 12.3"" Wi-Fi 128/256/512, i3/i5/i7 Black/Platinum",,
v1|227036728032|0,,,,,,HP EliteBook Laptop Computer PC 14 Core i7 32GB RAM 512GB Windows 11 Pro OFFICE!,,
v1|326605385607|0,,,,,,"Dell Latitude 3189 11.6"" 2-in-1 Touch Laptop Celeron 4GB 128GB SSD Windows 11 !!",,
v1|264714576220|0,,,,,,"Dell Latitude 3301 Laptop 13.3"" Intel Core i3 Windows 11 PC 4GB RAM 128GB SSD",,
v1|335762770305|545286436028,,,,,,"Dell 14"" FHD Laptop Intel Quad Core i7 4.20GHz 64GB RAM 4TB SSD Windows 11 Pro",,
v1|167888998718|0,,,,,,Dell Studio 1569 Laptop Intel Core,,
v1|205811368745|0,,,,,,HP ProBook 455 G9 15.6'' Laptop,,
v1|197449081237|0,,,,,,"HP - OmniBook X Flip 2-in-1 - Copilot+ PC - 14"" 2K Touch-Screen Laptop - Inte...",,
v1|167888557437|0,,,,,,"HP ProBook 450 G5-15.6""Touch-Core i5-8250U-8GB RAM-256GB SSD W/Charger",,
v1|256245941032|0,,,,,,Dell Latitude Touchscreen 2-in-1 Laptop Pentium 8GB RAM 128GB SSD Windows 11,,
v1|146493392451|445261046822,,,,,,2025 Lenovo IdeaPad Laptop Notebook 15.6 Intel Processor Upto 20GB RAM 1TB SSD,,
v1|374674838869|0,,,,,,"HP Chromebook 11A G8 EE 11.6"" AMD A4 1.6GHz/4GB/32GB - 16W64UT w/1 Year Warranty",,
v1|254170214367|0,,,,,,"Dell Latitude Laptop PC 11.6"" HD Intel Celeron 4GB RAM 64GB SSD Windows 11",,
v1|306570373863|0,,,,,,"Microsoft Surface Laptop 4 1950 13.5"" i7-1185G7 512GB SSD 16GB Ram *NO OS, NO AC",,
v1|264714553889|0,,,,,,Dell Latitude Laptop Light Gaming PC Core i7 16GB RAM 512GB SSD Windows 11 Pro,,
v1|375902813389|0,,,,,,"Dell Latitude 3120 11.6"" Pentium 1.10GHz/4GB/128GB SSD (Black) - P32T001",,
v1|296275789903|0,,,,,,Dell Latitude 3189 - 2-IN-1 Tablet Intel pentium N4200 8GB RAM 128GB SSD *****,,
v1|306412265360|0,,,,,,"Dell Latitude 5420 14"" i5-1145G7 16GB Ram 256GB SSD Windows 11 Pro Laptop Touch",,
v1|326766350767|0,,,,,,"Lenovo Chromebook 500e Gen 3 11.6"" Touchscreen  8GB / 64GB - 2 in 1 tablet A GRD",,
v1|205776214742|506549886705,,,,,,Business 17 Inch Windows 11 Laptop With 128GB / 256GB / 512GB SSD Intel Celeron,,
v1|335333243508|544912345138,,,,,,"Dell 15.6"" Light Gaming Laptop Intel Core i7 4.20 GHz 64GB RAM 4TB SSD Win11 Pro",,
v1|266791101115|0,,,,,,Lenovo 100e Gen 2 11.6‚Äù Laptop Computer Intel 4GB RAM 64GB SSD Windows 11 Pro PC,,
v1|266889342994|0,,,,,,"Acer Aspire 3-15.6"" Laptop AMD Ryzen 5 2.8GHz 16GB 1TB SSD Certified Refurbished",,
v1|167877764441|0,,,,,,Dell Latitude 3190 2-in-1 11.6‚Ä≥ Touchscreen Pentium 8 GB RAM 128 GB SSD Win11 Ex,,
v1|296584849936|0,,,,,,"ASUS VivoBook 16"" WUXGA Notebook Intel Core i7-13620H 16GB DDR4 RAM 512GB SSD",,
v1|235738240046|0,,,,,,"Dell Chromebook 11.6"" 2-in-1 Touch Laptop Celeron 4GB Ram 32GB SSD ChromeOS 2029",,
v1|306447960990|0,,,,,,Dell Latitude 3190 2-IN-1 N5030 1.10GHz 4GB RAM 128GB Windows 11 Pro Grade A,,
v1|325344504318|0,,,,,,"Lenovo Chromebook 300e 2nd Gen 11.6"" 2in1 Laptop - 2.1GHz CPU 4GB TOUCHSCREEN A",,
v1|336248416923|0,,,,,,"HP Certified EliteBook 645 G9 14""/512GB/16GB  AMD Ryzen 5 PRO Win 11 Pro - Good",,
v1|205568154545|0,,,,,,"Lenovo - LOQ 15.6"" Full HD Gaming Laptop - AMD Ryzen 5 7235HS - 12GB Memory -...",,
v1|116039412507|416199719167,,,,,,"Dell Chromebook 3100 11.6"" Intel core 2.60GHz 4GB RAM 32GB eMMC Bluetooth Webcam",,
v1|126480962681|0,,,,,,"Lenovo LOQ-E 15.6"" 144Hz Gaming Laptop i5-12450HX 16GB RAM 512GB SSD RTX 3050",,
v1|257175498170|0,,,,,,"HP Elite Dragonfly G3 i7-1265U 16GB Ram 500GB NVMe 13.5"" TouchScreen Win 11 Pro",,
v1|306472201389|0,,,,,,"HP EliteBook 845 G8 Laptop AMD Ryzen 5 PRO 5650U 32GB Memory 256GB 14.0"" FHD Win",,
v1|306433338651|0,,,,,,G GETAC V110 G6 RUGGED LAPTOP I5-10210U 1.60G 16GB 256GB DUAL BATTERY  WIN 11P,,
v1|236391619208|0,,,,,,Panasonic  CF-31   MK5  5th GEN Core i5  WIN11 PRO  16GB 1TB SSD   BLUE,,
v1|326823793136|0,,,,,,"ASUS - Zenbook A14 14"" FHD+ OLED  Snapdragon X Plus 16GB RAM 512GB SSD",,
v1|376484630159|0,,,,,,Dell Chromebook 11 3180 Celeron 1.60GHz/4GB/16GB eMMC (Black) P26T002 w/Warranty,,
v1|197797078265|0,,,,,,DELL LATITUDE 5420 | INTEL CORE I5-1145G7 2.60GHZ | 256GB | 16GB | NO OS,,
v1|146416413593|445223714327,,,,,,"2025 ASUS Vivobook 14"" FHD Laptop, 6-Core Intel i3 Up to 40GB RAM 2TB SSD WinPro",,
v1|326785788846|0,,,,,,Panasonic CF-VEK33 Toughbook Keyboard Dock B1,,
v1|286892421200|0,,,,,,"Fujitsu U729X i3 8145U 8 GB DDR4 128GB NVME Win 11 12.5"" 2-1 Touch, W/ Pen B109",,
v1|257178145884|0,,,,,,üëÄHP EliteBook 840 G8 Laptop i7-1185G7 3.0GHz 16GB RAM 256GB SSD Win 11 Pro,,
v1|388696431750|0,,,,,,"HP EliteBook 845 G8 Laptop AMD Ryzen 5 PRO 5650U 16GB RAM 256 GB SSD 14.0"" W11P",,
v1|376554544657|0,,,,,,Panasonic CF-54 MK2  6thGEN @ 2.4GHz  Core i5  WIN11  16GB 1TB SSD  BLUE TOUCH,,
v1|365905878609|0,,,,,,"DELL LATITUDE 7210 2-IN-1 | 12.3"" | 512GB | WI-FI | SILVER | WIN11",,
v1|387502998584|0,,,,,,"HP Elitebook 830 G8 Laptop Intel i7-1185G7 32GB 512GB 13.3"" FHD Touchscreen W11P",,
v1|277469120426|0,,,,,,"Dell Latitude 5430 i5-1245U 2.5GHz 16.0GB RAM 512GB SSD WIN 11 PRO 14"" Laptop ",,
v1|295907273733|0,,,,,,"HP 17.3"" FHD Notebook AMD Ryzen 5 7430U 8GB RAM 256GB SSD Natural Silver",,
v1|235512441757|535692697069,,,,,,HP laptop Chromebook 11 G5 N3060 1.60GHz 2GB 16GB SSD 11.6 CHOOSE YOUR COLOR,,
v1|146535756325|0,,,,,,"Lenovo 81ER0002US 11.6"" Chromebook 100e Celeron 1.1GHz/4GB/32GB SSD w/Warranty",,
v1|236416990194|0,,,,,,"HP EliteBook 840 G8 512GB SSD 14"" Touch 16 i5 11th Gen 2.8 Win 11 Pro - Refurb",,
v1|334703417715|544907135131,,,,,,"Dell 15.6"" Light Gaming Laptop Intel Core i7 4.20 GHz 64GB RAM 4TB SSD Win11 Pro",,
v1|116838642504|0,,,,,,"15.6"" HP Laptop PC: Intel i5-7200U! 16GB RAM - 256GB SSD! Rewritable CD/DVD!",,
v1|146924014581|0,,,,,,HP Elitebook 850 G6 LAPTOP 15.6 i7-8565U@1.80 16GB RAM 256SSD BT BKLIT CAM FHD,,
v1|126815158156|0,,,,,,"Getac V110 G3 11.6"" Touchscreen Laptop i5-6200U 2.3GHz 8GB 128GB SSD W10",,
v1|296985202841|0,,,,,,"New Lenovo ThinkPad E16 Gen 2 16"" FHD+ Ryzen 5 7535U 32GB 1TB SSD CAM FPR W11P",,
v1|256904160754|0,,,,,,"Acer Swift 16"" | AI Copilot+ PC Intel 2.2GHz 16GB 1TB SSD Certified Refurbished",,
v1|205298600534|0,,,,,,"Getac V110 11.6"" Rugged Touch Screen Laptop I5 8GB RAM 128 SSD Laptop Only - NOB",,
v1|365947948085|0,,,,,,Dell Latitude 7440 i5-1345U EVO 16GB 256GB W11P 2-1  ProSupport Plus 1/27 w-dock,,
v1|205558911932|0,,,,,,"Lenovo Ideapad 5x 14"" OLED 2-in-1 Touch Snapdragon X Plus 16GB 1TB SSD w/ Pen",,
v1|256629770691|0,,,,,,Lenovo ThinkPad T14 Business Laptop 14‚Äù Core i5 16GB RAM 512GB SSD Win 11 Pro,,
v1|156138151280|0,,,,,,10'' Mini Laptop Windows 11 Notebook 8GB+128GB Intel Celeron Quad-Core with WiFi,,
v1|256865954849|0,,,,,,"Lenovo Tablet Business  (TB3-X70F) 32GB, Wi-Fi, Android 6.0, Slate Black, 10.1""",,
v1|127394816386|0,,,,,,"Dell Chromebook 3100 (11.6"", Intel Celeron, 4GB RAM, 16GB, ChromeOS)  NO Charger",,
v1|256960845305|0,,,,,,Acer Aspire 14 +AI Intel Core Ultra 5 226V 2.1GHz 16GB 1TB Certified Refurbished,,
v1|116659802706|0,,,,,,DELL Latitude Laptop: Intel i5! 16GB RAM! 256GB SSD! Zorin Core Edition!,,
v1|226714780969|0,,,,,,"Microsoft Surface Laptop 7 Copilot+PC 13.8"" Touch X Plus 16GB/256GB/Platinum",,
v1|146913540203|0,,,,,,"Lenovo Chromebook 300e 2nd Gen 11.6"" Cel 1.1GHz/4GB/64GB 81M900CAUS - w/Warranty",,
v1|317445566560|0,,,,,,ASUS ROG XBOX Ally 7  Touchscreen 1080p FHD 120Hz Gaming Handheld AMD Ryzen Z2 A,,
v1|297715939043|0,,,,,,GOOGLE PIXELBOOK CHROMEBOOK 12.3 TOUCHSCREEN I5-7Y57 1.2GHZ 8GB 256GB SSD T13B16,,
v1|306570777455|0,,,,,,GETAC S410  Laptop  i7-1165 8GB 500GB HDD  TOUCH WIN11  BLACK,,
v1|115980692081|0,,,,,,"New HP Laptop 14"" HD Intel Celeron N4120 4GB 64GB eMMC SSD Webcam Windows 11 S",,
v1|236058833748|0,,,,,,"MINOR DEFECT Dell Chromebook 11.6"" 2-in-1 Touch Laptop Celeron 4GB Ram 32GB SSD",,
v1|267450464162|0,,,,,,Lenovo T460 | i5 | 16GB | 250GB SSD | FHD Touch | Backlit | Linux Mint 22.2 OEM,,
v1|167813499584|0,,,,,,Lot of 10 HP ProBook x360 EE 11 G2 -11.6 Touchscreen-i5-8GB-256GB SSD,,
v1|116848432234|0,,,,,,"Dell Inspiron N5030 15.6"" Laptop Intel Pentium T4500 4GB 320GB Win-10 DVD WebCam",,
v1|236235308869|536794257899,,,,,,"HP Chromebook 11A G8 EE Laptop 11.6"" AMD A4-9120c 4GB RAM 32GB SSD ChromeOS 2029",,
v1|376588094823|0,,,,,,"Acer Chromebook C738t 2-in-1 (11.6"" touchscreen, Intel, 4GB, 16GB) with Charger",,
v1|306570261145|0,,,,,,Dell - Pro Max 14 MC14250 FHD+ U7 vPro 5.30Ghz 265H 32GB RAM 256GB SSD - Sealed,,
v1|197672196450|0,,,,,,Samsung Chromebook 4 XE310XBA 11.6 Intel Celeron Chrome OS Tested Working School,,
v1|136502510223|0,,,,,,Samsung (XE500C13) ‚Äé1.6 GHz Intel Dual Core 11.6 Inch Display Chromebook w/Power,,
v1|336155062209|0,,,,,,CHUWI  MiniBook X 10.51in Intel N100 12GB RAM 512GB SSD Win11 mini Laptop PC,,
v1|286895962055|0,,,,,,"Lenovo ThinkPad T14 14"" Intel Core i7 4.8GHz 32GB 512GB SSD Win11 Touch Screen",,
v1|136028933051|0,,,,,,"HP Chromebook 14"" Intel Pentium N5030 4GB RAM 128GB eMMC Chrome OS 14A-NA0062TG",,
v1|326645190607|0,,,,,,"HP - OmniBook 5 Flip 2-in-1 14"" 2K Touch-Screen Laptop - Intel Core 5 - 8GB M...",,
v1|357411263409|0,,,,,,"„Äê90% Refurbished„ÄëACEMAGIC 15.6"" Laptop Intel 12th Alder Lake N95 16GB 512GB SSD",,
v1|376513198504|0,,,,,,"HP OmniBook X AI 14-fe0013dx 14"" Touch Elite X1E-78-100 16GB 1TB SSD W11 Laptop",,
v1|297312936905|0,,,,,,Lenovo ThinkPad X1 Carbon Gen 6 Laptop Intel Core i7-8650U 16GB Memory 512 GB SS,,
v1|285872318366|0,,,,,,"HP X360 11 G5 11.6"" Touch 2in1 Laptop Intel Pentium 8GB RAM 128GB SSD Win 11",,
v1|127345857951|0,,,,,,Dell Pro 14 PC14250 FHD+ Ultra 5 235U 16GB RAM 512GB SSD Silver Good 1 Yr,,
v1|226914045318|0,,,,,,"Acer Chromebook Plus 514 14"" Touch i3-N305 8GB 512GB SSD CB514-4HT",,
v1|116404104407|0,,,,,,"HP ELITEBOOK 840 G6 14"" Intel Core i5-8365U 1.60GHz 16GB RAM 256GB NVMe",,
v1|257178128831|0,,,,,,"üëÄDell Latitude 7420 14"" Laptop FHD Touch i7-1185G7 16GB 256GB Windows 11 Pro",,
v1|167797816741|0,,,,,,"Asus Vivobook S14 S5406SA 14"" WUXGA OLED Intel Ultra 7 258V 32GB 1TB W11H Laptop",,
v1|116848467096|0,,,,,,"Microsoft Surface Pro 4, Intel Core i7-6650U @ 2.2GHz, 8GB RAM, 256GB SSD, W11P",,
v1|357640051494|0,,,,,,"ACEMAGIC 16"" Laptop INTEL N95 16GB DDR4 512GB WiFi windows 11 pro",,
v1|116361785335|0,,,,,,Dell Latitude 5420 Quad Core i5-1145G7 16GB 512GB SSD Windows 11 Pro Grade A,,
v1|256883447212|0,,,,,,Dell Chromebook 11 With MX Linux Installed,,
v1|326811776659|0,,,,,,"Lenovo ThinkPad T480 14"" FHD i5 8350U 2.60GHz 16GB 256GB SSD 1 Year Warranty",,
v1|277317338085|0,,,,,,"Dell Precision 3560 FHD 15.6"" i7-1185G7 4.8GHZ 16GB 512GB SSD T500 WIN 11P",,
v1|116710871709|0,,,,,,"14"" DELL Latitude Laptop: Intel i5! 4GB RAM! 256GB SSD! Zorin Core Edition!",,
v1|267437276732|0,,,,,,"Acer N16Q14 R751T Series Chromebook Celeron N3350 @ 1.10GHz, 4GB Ram, 32GB eMMc",,
v1|277469119971|0,,,,,,Dell Latitude 5430 i5-1245U 2.50GHz 16GB RAM 512GB SSD Windows 11 Pro Laptop ,,
v1|336246475881|0,,,,,,"Google Pixelbook Go 13.3"" i5-8200Y 1.30GHz 8GB RAM BLACK TouchScreen",,
v1|227023929568|0,,,,,,"Lenovo ThinkPad T14 Gen 3 AMD Ryzen 7 Pro 6850U, 16GB RAM, NO SSD, Touch",,
v1|116823730344|416968584220,,,,,,"Dell Chromebook 3100 2-in-1 11.6"" Touchscreen Intel 2.40 4GB RAM Bluetooth WiFi",,
v1|317472555235|0,,,,,,"HP ELITE C1030 CHROMEBOOK 13"" Intel i7-10610U 16GB DDR4 128GB SSD Chrome OS",,
v1|126895558626|428047425205,,,,,,"2025 HP Laptop Computer 15.6"" Touch 6-Core Intel i3 Upto 64GB RAM 2TB SSD WinPro",,
v1|286601719329|588649223910,,,,,,"Dell Latitude 14"" Laptop Computer Intel i5 Up To 32GB RAM 1TB SSD Windows 11 Pro",,
v1|146662840337|0,,,,,,"HP 15.6"" Touch Laptop, 13th Gen Intel i3, 32GB RAM & 1TB SSD, Win 11 Pro+Office",,
v1|167863601772|0,,,,,,"Dell Latitude 5500 15.6"" FHD i7-8665U 32GB RAM 512GB SSD Win 11 Pro Laptop",,
v1|146313698109|0,,,,,,"Dell Latitude 3120 11.6"" Celeron 1.10GHz/4GB/128GB SSD - P32T001 w/Warranty",,
v1|114982554604|0,,,,,,"15.6"" DELL Latitude Laptop: Intel i5! 16GB RAM! 512GB SSD! Zorin Core Edition!",,
v1|116774508191|416943608172,,,,,,2025 HP Laptop Computer 17.3 10-Core Intel i5 Upto 64GB RAM 2TB SSD Pro Office,,
v1|326832663263|0,,,,,,"Dell Latitude 5410 Touch 14"" (i5-10210u - 8GB RAM - 256GB SSD - Win11Home)",,
v1|126344041291|0,,,,,,Evolve III Maestro e-Book Student Laptop PC Windows 10 Pro Education 64GB SSD,,
v1|205787133912|0,,,,,,"ASUS - Vivobook 14 14"" FHD Laptop - Intel Core i3 - 8GB Memory - 128GB SSD - ...",,
v1|356088680901|0,,,,,,Retro Gaming Laptop Windows XP i7 1st Gen 256gb SSD Graphics ATI 1gb PC Computer,,
v1|127394924804|0,,,,,,"Lot of 10 Acer Chromebook Laptop Computers w/ Chargers 11.6"" 16GB 4GB RAM C731 A",,
v1|355847746302|0,,,,,,"ACEMAGIC PC Laptop 17.3"" FHD Netbook Intel N97 16GB RAM 512GB M.2 SSD 2.4G/5G",,
v1|306570333018|0,,,,,,"Lenovo ThinkPad T440 14"" Core i5-4300U @ 1.90GHz 8GB RAM 256GB SSD Windows 10",,
v1|376496266498|0,,,,,,"Dell Plus 16"" FHD+ Touch Intel Ultra 9 288V 3.3 GHz 32GB 1TB SSD W11H Laptop BL",,
v1|395825368163|0,,,,,,"15.6"" Dell Laptop E5520/30 Vintage Windows XP Pro 32 Bit i3 2ghz 4gb 160gb DVD",,
v1|335720448847|545235094676,,,,,,"Dell 15.6"" Touchscreen Laptop Windows 11 Intel Core i5 4.40 GHz 64GB RAM 4TB SSD",,
v1|146924564893|0,,,,,,Genuine Microsoft Surface Book 2 13.5‚Äù Keyboard Base 1834 *Excellent Cond* #196,,
v1|235707333178|0,,,,,,"HP Chromebook 11 G6 11.6"" Intel 2.40 GHz 4 GB RAM 16 GB eMMC Bluetooth Webcam SD",,
v1|357586906848|0,,,,,,"Dell Chromebook 3100 2-in-1 (11.6"" Touchscreen, Intel Celeron, 4GB RAM, 32GB)",,
v1|257176838248|0,,,,,,"HP EliteBook x360 1040 G6 14"" Touch 2 in 1  Core i7-8665u 16GB 256GB Win 11 Pro",,
v1|127232458493|0,,,,,,"MSI Thin 15 Gaming Laptop 15.6"" FHD Intel i5-13420H 16GB RAM 512GB SSD RTX 4050",,
v1|197794138758|0,,,,,,"HP - 15.6"" Full HD Laptop - AMD Ryzen 7 - 16GB Memory - 1TB SSD - Natural Silver",,
v1|257178871786|0,,,,,,"IBM ThinkPad 560Z 12.1"" Laptop",,
v1|375566255823|0,,,,,,"Dell Latitude 7430 14-in. FHD Touchscreen Intel i7-1265U 32GB, 512GB SSD W11 Pro",,
v1|116487341697|0,,,,,,"DELL Precision 7540 15.5"" Intel Core i7-9850H 2.60GHz 32GB RAM 512GB NVMe",,
v1|226372255901|0,,,,,,"DELL PRECISION 5550 15"" i7 2.7GHz 16GB RAM 256GB SSD--GRADE C LOW BATTERY HEALTH",,
v1|267423746091|0,,,,,,Dell Latitude 2-in-1 TOUCH 13 inch i7 32Gb RAM 512Gb NVME Win 11 Pro,,
v1|357808308526|0,,,,,,Lenovo ThinkPad E15 Gen 2 Laptop i5-11TH GEN 8GB RAM 256GB SSD Win 11 Pro,,
v1|326645188405|0,,,,,,"ASUS - Vivobook 14 14"" FHD Laptop - Intel Core i7 with 12GB Memory - 512GB SS...",,
v1|116289085429|0,,,,,,"~OVERSTOCK SALE~ 14"" HD Lenovo ThinkPad Laptop: Intel i5! 8GB RAM~512GB SSD!",,
v1|157422438536|0,,,,,,(Lot of 4) Dell Latitude 5510 i5-10TH GEN / MIX RAM / NO SSD -RL4236,,
v1|255080719892|0,,,,,,Dell Latitude 3190 Laptop Computer PC Intel Celeron 4GB RAM 64GB SSD Windows 11,,
v1|406326866573|0,,,,,,"Lot of 5 Dell Latitude 7320, i7-1185G7, 3.00GHz, 32GB RAM, 512GB NVMe, No OS/AC",,
v1|187242916855|0,,,,,,"Dell Latitude 5290 12"" Detachable 2-in-1, i7-8650U 1.90GHz 16GB 256GB SSD Win 11",,
v1|167875548044|0,,,,,,"HP Elite Dragonfly G2 13.3"" FHD Intel Core i7-1185G7 16GB 512GB W11P",,
v1|136368789625|0,,,,,,Upgrade Any 64bit Windows 10 Laptop / Desktop to Windows 11 - Guaranteed to Work,,
v1|306389923456|0,,,,,,Dell 3100 2-in-1 | WiFi | 4GB | 16GB | Black | P30T,,
v1|286893535046|0,,,,,,Fujitsu Lifebook E558 I5-8250U 1.60GHZ 256GB SSD 8 GB RAM Win 11 A005,,
v1|167699159325|0,,,,,,"HP EliteBook 845 G8 14"" FHD AMD Ryzen 5 PRO 5650U 16GB 256GB SSD W11P Webcam, SL",,
v1|197794155035|0,,,,,,"Dell - Pro 14 Plus 14"" IPS 1920 x 1200 (Full HD Plus) Laptop - AMD Ryzen 5 PR...",,
v1|267446360985|0,,,,,,79B71AV HP EliteBook 645 14 inch G10 Notebook PC,,
v1|136162750511|0,,,,,,"Dell Inspiron 15"" FHD TouchScreen Intel i5-1334U 8GB 512GB i3530-5623BLK-PUS",,
v1|297631878661|0,,,,,,NIMO 15.6 IPS-FHD-Laptop 16GB RAM 1TB SSD Intel Pentium Quad Core N100 WiFi 6,,
v1|205579362586|0,,,,,,"Lenovo - Legion 7i 16"" 2.5k OLED Gaming Laptop - Intel Core Ultra 9 275HX - 3...",,
v1|254654754368|0,,,,,,"Dell Latitude 3310 Laptop PC 13.3"" Intel Core i3 16GB RAM 256GB SSD Win 11 Pro",,
v1|205568149888|0,,,,,,"Dell - Inspiron - 15.6"" 2K Touchscreen Laptop - AMD Ryzen 7 7730U 2023 - 16GB...",,
v1|116802690647|0,,,,,,"HP ELITEBOOK 840 G5 14"" Intel Core i5-8350U 1.70GHz 8GB RAM 256GB NVMe",,
v1|326345885523|0,,,,,,"Acer - Swift 16 AI - 16"" 3K OLED Touch Laptop - Copilot+ PC Intel Core Ultr...",,
v1|265752692346|0,,,,,,"Dell Latitude 7400 Laptop PC 14"" HD Core i5 16GB RAM 256GB SSD Windows 11 HDMI",,
v1|267449983690|0,,,,,,"Lenovo V15 G2 ITL 2.40GHz i5-1135G7 8GB RAM 256GB SSD 15.6"" FHD Black Win 11 D",,
v1|267297339726|0,,,,,,"Lenovo 300e Chromebook 2nd Gen 11.6"" AMD A4-9120C 4GB 32GB SSD Chrome OS Touch",,
v1|197534106603|0,,,,,,"HP - 14"" Laptop - Intel Processor N150 - 4GB Memory - 128GB UFS - Pale Rose Gold",,
v1|205746701026|0,,,,,,Lenovo Slim 7i 14‚Ä≥ OLED WUXGA Touch Ultra 7 258V 32GB 1TB SSD 83MC0005US,,
v1|267099988428|0,,,,,,"Acer Chromebook 314 - 14i"" Intel N4500 4GB 128GB SSD 1.1GHz Very Good Condition",,
v1|326645187722|0,,,,,,"ASUS - Vivobook 14 14"" FHD Laptop - Intel Core i5 - 12GB Memory - 256GB SSD -...",,
v1|297684466141|0,,,,,,"HP ZBook Firefly 15 G8 15.6"" i7-1185G7 3.0GHz 32GB RAM 1TB SSD",,
v1|317199093570|0,,,,,,"Lenovo 10e Chromebook Touchscreen 10"" Tablet 32GB eMMC *READ*",,
v1|167750669246|0,,,,,,"Asus Chromebook CX3402CBA 14"" FHD Touch Intel i3-1215U 8GB 256GB UFS ChromeOS WH",,
v1|365678108070|0,,,,,,"Lenovo IdeaPad Slim 3 Chromebook 14"" 64GB eMMC 4GB Abyss Blue 82XJ002DUS",,
v1|365928368272|0,,,,,,"NIMO 15.6 IPS FHD Laptop, 4GB RAM 128GB SSD Intel Pentium Quad Core N100 3.4GHz",,
v1|116345084425|0,,,,,,"MSI B13VEK-1675US Katana 15 15.6"" FHD i7-13620H 3.6GHz NVIDIA GeForce RTX 4050",,
v1|396984806425|0,,,,,,"15.6"" Dell Laptop E5520/30 Windows 7 Pro 64 Bit i3 2ghz 4gb 160gb DVD",,
v1|127342879729|0,,,,,,"SGIN 17.3"" Laptop 8GB + 512GB Notebook with IPS Full HD 2.8GHz Windows 11",,
v1|388799468365|0,,,,,,"Dell Latitude 5420 14"" 512GB i5-1145G7 WIN11H,¬†Grey",,
v1|204726324331|0,,,,,,"Samsung - Galaxy Book4 15.6"" FHD Laptop - Intel Core 7- 16GB Memory - 512GB S...",,
v1|326805612055|0,,,,,,Lot of 20 Dynabook Portege X30L-J i5-1135G7 2.4 GHz DDR4 8GB RAM 256GB SSD Lapto,,
v1|146912924683|0,,,,,,Lenovo P15 Gen 2 i7-11850H 64GB RAM 512GB RTX A3000 4K Touchscreen Win 11 Pro ,,
v1|386851060131|0,,,,,,"Lenovo 14"" FHD Laptop - Core i3 - 8GB RAM - 256GB Storage - Win 11 (82QC006KUS)",,
v1|116817877794|0,,,,,,"15.6"" HP ProBook Laptop PC: Intel i5-8250U! 16GB RAM, 480GB SSD! CD/DVD Burner!",,
v1|197449083194|0,,,,,,"HP - OmniBook X Flip 2-in-1 - Copilot+ PC - 16"" 2K Touch-Screen Laptop - Inte...",,
v1|227006460003|0,,,,,,"Dell Latitude 5520 Laptop - 2.6 GHz i5-1145G7 16GB 512GB SSD - 15.6"" Touchscreen",,
v1|187675427651|0,,,,,,Dell 3189 2IN1 Touch Screen Chromebook 32GB - Intel 1.60 GHz 4GB RAM Laptop GIFT,,
v1|167733011911|0,,,,,,"Dell Latitude 5520 15.6"" FHD Laptop Intel i7 11th Gen 32GB RAM 512GB SSD Win 11",,
v1|326837210653|0,,,,,,"ASUS Zenbook 14X 14.5"" 2.8K OLED Touch Laptop i5-13500H 8GB 512GB Q410V",,
v1|267450339490|0,,,,,,"HP ZBook Studio 15.6"" G8 Mobile Workstation, i7-11800H 16GB, 512GB + Charger A++",,
v1|176597753825|0,,,,,,Getac K120 Rugged Toughbook Touch i5-8250U 1.60Ghz 16GB 256GB SSD Win 11 pro,,
v1|157408396513|0,,,,,,HP ZBook Ultra G1a Next Gen AI Mobile Workstation PC 3 Yr Warranty & 3 Yr Wolf,,
v1|325337069884|0,,,,,,"Dell Latitude 3189 11.6"" 2-in-1 Touch Laptop Celeron 4GB 64GB SSD Windows 11 !!",,
v1|336045804404|0,,,,,,"GETAC T800 G2 Rugged Tablet 8.1"" Atom x7-Z8750 1.60GHz 4GB RAM 128GB SSD",,
v1|357682961393|0,,,,,,Win 10 Pro 64-Bit DVD+Genuine Microsoft License-Factory Sealed-Ships next day,,
v1|336111224891|0,,,,,,"Dell Inspiron 3501 Laptop i5 1135G7 2.40GHZ 15.6"" FHD 16GB 512GB NVMe Windows 11",,
v1|267434104172|0,,,,,,"HP 17-cn0695ds 17.3"" Touchscreen Laptop Intel Celeron 1.1 Ghz 4 GB Ram 128 GB",,
v1|146807161175|445409614658,,,,,,Apple Watch Series 7 (GPS/Cellular) 45mm Aluminium Case with Sport Band (Good),445409614660,445409614660
v1|286848280942|0,,,,,,Apple Watch (SE) 2nd Gen. 40mm Black Aluminum (GPS) w/ Blue Sport - Good ,0,0
v1|146862769859|445443392761,,,,,,Apple Watch Series 6 GPS+Cellular 44mm Case with Sport Band OpenBox (Very Good),445443392761,445443392761
v1|297703858871|0,,,,,,Apple Watch (Series 10) 46mm Gold Titanium (LTE) w/ Stone Gray Sport - Very Good,0,0
v1|255649901463|555584123701,,,,,,2 Pcs Waterproof Floating Cell Phone Pouch Dry Bag Case Cover For iPhone Samsung,555584123701,555584123701
v1|157117409665|458611500763,,,,,,Fitness Smart Watch Activity Tracker Heart Rate For Women Men LOT BP Monitor,458611500763,458611500763
v1|376439792033|645065284402,,,,,,Waterproof Cell Phone Pouch Floating Case Dry Bag w/Arm Band For iPhone Samsung,645065284402,645065284402
v1|336237752718|0,,,,,,Polar Grit X2 Pro Premium Outdoor Watch AMOLED GPS Multisport Black S-L,0,0
v1|204612244420|505215016794,,,,,,Universal Waterproof Cell Phone Pouch Floatable Underwater Case Dry Bag Landyard,505215016794,505215016794
v1|285719161268|587739783026,,,,,,Mobile Phone Waist Bag Camping Hiking Shoulder Bag for Phone Cell Carrying Case,587739783026,587739783026
v1|136252514296|435175066991,,,,,,Fitness Smart Watch Activity Tracker Heart Rate For Women Men Oxygen Monitor lot,435175066991,435175066991
v1|186453536037|694503056210,,,,,,For iPhone 16 15 Pro Max Plus Waterproof Underwater Swimming Dry Bag Case Cover,694503056210,694503056210
v1|145211028099|444394968673,,,,,,Double Detachable Waterproof Phone Pouch Dry Bag Case Cover for iPhone/Samsung,444394968675,444394968675
v1|146876620151|445449317890,,,,,,Apple Watch Series 6 (GPS / Cellular) 44mm Aluminium Case with Sport Band (Good),445449317890,445449317890
v1|256932253987|0,,,,,,Apple Watch (Series 7) 45mm Black Aluminum w/ Black Nike Sport (GPS)- Good Cond.,0,0
v1|257156992931|557797728957,,,,,,Apple Watch Series 4 44mm 16GB A1978 GPS Case + Bands - Good,557797728957,557797728957
v1|185743400404|693680862805,,,,,, Waterproof Floating Cell Phone Pouch Dry Bag Case Cover For iPhone Samsung,693680862805,693680862805
v1|226533434123|525717136429,,,,,,USA Sports Fitness Tracker Watch Heart Rate Blood Pleasure Activity Monitor Lot,525717136429,525717136429
v1|317443381162|615981462733,,,,,,Fitness Smart Watch Activity Tracker Heart Rate For Women Men Oxygen Monitor lot,615981462733,615981462733
v1|355712630006|624804550428,,,,,,Sports Fitness Tracker Watch Heart Rate Blood Pleasure Activity BP Monitor Lot,624804550428,624804550428
v1|204363348971|504908245268,,,,,,Waterproof Floating Cell Phone Pouch Swimming Dry Bag Case For iPhone Samsung,504908245268,504908245268
v1|295135983877|593368624597,,,,,,Waterproof Phone Pouch Dry Bag Floating Cover Swimming for iPhone 13 12 Pro Max,593368624597,593368624597
v1|316779409258|615265862788,,,,,,USA Sports Fitness Tracker Watch Heart Rate Blood Pleasure Activity Monitor Lot,615265862788,615265862788
v1|317286332976|615842416005,,,,,,Fitness Smart Watch Activity Tracker Heart Rate For Women Men Oxygen Monitor lot,615842416005,615842416005
v1|336237752729|0,,,,,,Polar Grit X Pro Titan Premium Outdoor Multisport Watch GPS Heart Rate Monitor,0,0
v1|304531585283|0,,,,,,"FOCO NBA Boston Celtics Dual Hybrid Case for iPhone 11 Pro Max & XS Max (6.5"")",0,0
v1|335680908322|545195868786,,,,,,USA Sports Fitness Tracker Watch Heart Rate Blood Pleasure Activity Monitor Lot,545195868786,545195868786
v1|136379100553|435215855877,,,,,,Fitness Smart Watch Activity Tracker Heart Rate For Women Men Oxygen Monitor lot,435215855877,435215855877
v1|267422859777|0,,,,,,SAMSUNG GEAR SPORT BLACK SM-R600 44mm Very Good,0,0
v1|267422862128|0,,,,,,SAMSUNG GEAR SPORT BLUE SM-R600 44mm Very Good READ,0,0
v1|267446501986|0,,,,,,Apple Watch Sport (1st gen) Silver Aluminium 38MM WIFI  [A1553] Very Good,0,0
v1|277057673459|2560360760384,,,,,,Apple Watch Series 8 45MM All Colors GPS+Cellular Aluminum Sport band - Good,2560360760384,2560360760384
v1|365330526384|635105836909,,,,,,USA Sports Fitness Tracker Watch Heart Rate Blood Pleasure Activity Monitor Lot,635105836909,635105836909
v1|335708511851|545221541432,,,,,,USA Sports Fitness Tracker Watch Heart Rate Blood Pleasure Activity Monitor Lot,545221541432,545221541432
v1|227017131794|526167145876,,,,,,New Good The best football team Samsung Galaxy iPhone Case,526167145876,526167145876
v1|146804917839|445408418445,,,,,,Apple Watch Series 9 GPS/Cellular 45mm Case with Sport Band (Good Condition),445408418445,445408418445
v1|286895819800|0,,,,,,Apple Watch (Series 10) 46mm Jet Black Aluminum (GPS) w/ Black Sport - Very Good,0,0
v1|255649901463|555584123702,,,,,,2 Pcs Waterproof Floating Cell Phone Pouch Dry Bag Case Cover For iPhone Samsung,555584123701,555584123701
